Type,Name,Request Count,Failure Count,Median Response Time,Average Response Time,Min Response Time,Max Response Time,Average Content Size,Requests/s,Failures/s,50%,66%,75%,80%,90%,95%,98%,99%,99.9%,99.99%,100%
POST,/api/v1/auth/login,1250,0,300.0,306.97831863935573,106.34440000285394,595.4081999952905,274.0,23.76551010401345,0.0,300,380,400,450,490,520,560,560,590,600,600
GET,/api/v1/vehicles/brands,17144,0,8,50.95083742420339,2.6929000159725547,537.2100000095088,517.0,325.9487241785653,0.0,8,10,13,21,220,330,400,430,490,540,540
,Aggregated,18394,0,9,68.34968223875924,2.6929000159725547,595.4081999952905,500.4864629770577,349.71423428257873,0.0,9,11,24,120,290,380,450,480,560,590,600
