Type,Name,Request Count,Failure Count,Median Response Time,Average Response Time,Min Response Time,Max Response Time,Average Content Size,Requests/s,Failures/s,50%,66%,75%,80%,90%,95%,98%,99%,99.9%,99.99%,100%
POST,/api/v1/auth/login,100,0,95,95.26195700134849,78.26280000153929,117.69009998533875,274.0,2.2515411927826428,0.0,95,98,100,100,100,110,120,120,120,120,120
GET,/api/v1/vehicles/brands,1210,0,10,9.672564793376191,3.631300001870841,31.67990001384169,517.0,27.243648432669975,0.0,10,11,11,12,12,13,14,15,31,32,32
,Aggregated,1310,0,10,16.20610618329774,3.631300001870841,117.69009998533875,498.4503816793893,29.495189625452618,0.0,10,11,12,12,14,92,100,100,120,120,120
