Type,Name,Request Count,Failure Count,Median Response Time,Average Response Time,Min Response Time,Max Response Time,Average Content Size,Requests/s,Failures/s,50%,66%,75%,80%,90%,95%,98%,99%,99.9%,99.99%,100%
POST,/api/v1/auth/login,25,0,80,79.59480799618177,70.2999000204727,89.41570000024512,274.0,0.6441682569384164,0.0,80,83,84,86,88,89,89,89,89,89,89
GET,/api/v1/vehicles/brands,291,0,10,9.884665636953825,3.9957000117283314,18.90659998753108,517.0,7.498118510763167,0.0,10,11,11,12,12,13,14,18,19,19,19
,Aggregated,316,0,10,15.399708545120593,3.9957000117283314,89.41570000024512,497.7753164556962,8.142286767701583,0.0,10,11,12,12,14,77,84,87,89,89,89
