Type,Name,Request Count,Failure Count,Median Response Time,Average Response Time,Min Response Time,Max Response Time,Average Content Size,Requests/s,Failures/s,50%,66%,75%,80%,90%,95%,98%,99%,99.9%,99.99%,100%
POST,/api/v1/auth/login,2000,0,5800.0,5736.982028249824,265.7976999907987,12315.75709999015,274.0,24.006533585117328,0.0,5800,7500,8400,8900,9900,10000,11000,11000,12000,12000,12000
GET,/api/v1/countries,34990,0,110.0,882.9081639726523,4.071300005307421,12277.41490000335,1314.0,419.99430507162765,0.0,110,210,340,410,2800,7300,9700,10000,11000,12000,12000
,Aggregated,36990,0,120.0,1145.3614683401686,4.071300005307421,12315.75709999015,1257.7685861043526,444.000838656745,0.0,120,240,390,480,5200,8300,10000,10000,12000,12000,12000
