Type,Name,Request Count,Failure Count,Median Response Time,Average Response Time,Min Response Time,Max Response Time,Average Content Size,Requests/s,Failures/s,50%,66%,75%,80%,90%,95%,98%,99%,99.9%,99.99%,100%
POST,/api/v1/auth/login,2000,0,740.0,747.2076601502777,131.5521000069566,1723.804100009147,274.0,37.07223818309172,0.0,740,870,960,1000,1100,1200,1400,1500,1700,1700,1700
GET,/api/v1/vehicles/brands,28209,0,9,176.10016377756654,2.484500000718981,2249.5572999760043,517.0,522.8853834534171,0.0,9,11,35,360,790,980,1200,1300,1700,2100,2200
,Aggregated,30209,0,9,213.91058427296315,2.484500000718981,2249.5572999760043,500.9120791817008,559.9576216365089,0.0,9,14,330,560,850,1000,1200,1300,1700,1900,2200
