Type,Name,Request Count,Failure Count,Median Response Time,Average Response Time,Min Response Time,Max Response Time,Average Content Size,Requests/s,Failures/s,50%,66%,75%,80%,90%,95%,98%,99%,99.9%,99.99%,100%
POST,/api/v1/auth/login,25,0,85,87.79982800071593,75.3330999868922,98.75260000990238,274.0,0.3162841133917831,0.0,85,92,95,97,98,99,99,99,99,99,99
GET,/api/v1/countries,634,0,7,7.265150946034677,3.07510000129696,20.17080000950955,1314.0,8.020965115615619,0.0,7,8,8,9,10,11,12,13,20,20,20
,Aggregated,659,0,7,10.320335963283586,3.07510000129696,98.75260000990238,1274.5462822458271,8.337249229007403,0.0,7,8,9,9,11,13,85,95,99,99,99
