Type,Name,Request Count,Failure Count,Median Response Time,Average Response Time,Min Response Time,Max Response Time,Average Content Size,Requests/s,Failures/s,50%,66%,75%,80%,90%,95%,98%,99%,99.9%,99.99%,100%
POST,/api/v1/auth/login,10,0,90,121.29276999767171,81.18889998877421,384.51859999622684,274.0,0.13710683040681862,0.0,90,100,100,100,380,380,380,380,380,380,380
GET,/api/v1/countries,232,0,10,11.200483620306276,5.590400003711693,103.75469998689368,1314.0,3.180878465438192,0.0,10,12,12,13,15,17,19,22,100,100,100
,Aggregated,242,0,11,15.749751652428815,5.590400003711693,384.51859999622684,1271.0247933884298,3.3179852958450105,0.0,11,12,13,14,17,22,100,100,380,380,380
