Type,Name,Request Count,Failure Count,Median Response Time,Average Response Time,Min Response Time,Max Response Time,Average Content Size,Requests/s,Failures/s,50%,66%,75%,80%,90%,95%,98%,99%,99.9%,99.99%,100%
POST,/api/v1/auth/login,3000,0,16000.0,15763.986106666765,295.8077999937814,32226.95229999954,274.0,27.612656487316098,0.0,16000,21000,23000,25000,28000,29000,30000,30000,32000,32000,32000
GET,/api/v1/countries,40795,0,1900.0,3181.155704824136,14.58200000342913,31858.204399992246,1314.0,375.4861071333534,0.0,1900,2100,2300,2500,3000,17000,25000,28000,30000,31000,32000
,Aggregated,43795,0,1900.0,4043.091798111671,14.58200000342913,32226.95229999954,1242.758990752369,403.0987636206695,0.0,1900,2200,2500,2700,13000,22000,27000,29000,31000,32000,32000
