Type,Name,Request Count,Failure Count,Median Response Time,Average Response Time,Min Response Time,Max Response Time,Average Content Size,Requests/s,Failures/s,50%,66%,75%,80%,90%,95%,98%,99%,99.9%,99.99%,100%
POST,/api/v1/auth/login,400,0,96,96.31950374980079,82.65640000172425,122.83599999500439,274.0,5.647163867198444,0.0,96,98,99,100,100,100,120,120,120,120,120
GET,/api/v1/countries,6995,0,6,7.085206690563916,2.4174999998649582,113.23380000249017,1314.0,98.75477812763279,0.0,6,6,7,7,9,11,36,63,91,110,110
,Aggregated,7395,0,6,11.91194351594522,2.4174999998649582,122.83599999500439,1257.7457741717376,104.40194199483123,0.0,6,6,7,8,11,90,97,100,120,120,120
