Type,Name,Request Count,Failure Count,Median Response Time,Average Response Time,Min Response Time,Max Response Time,Average Content Size,Requests/s,Failures/s,50%,66%,75%,80%,90%,95%,98%,99%,99.9%,99.99%,100%
POST,/api/v1/auth/login,200,0,100.0,101.69052750032279,86.94949999335222,120.92340001254342,274.0,4.47663598593072,0.0,100,100,110,110,110,110,120,120,120,120,120
GET,/api/v1/vehicles/brands,2444,0,9,9.863778191500778,3.1036000000312924,88.69659999618307,517.0,54.7044917480734,0.0,9,10,11,11,12,13,18,49,86,89,89
,Aggregated,2644,0,9,16.809825794286102,3.1036000000312924,120.92340001254342,498.61875945537065,59.18112773400412,0.0,9,10,11,12,15,98,110,110,120,120,120
