Type,Name,Request Count,Failure Count,Median Response Time,Average Response Time,Min Response Time,Max Response Time,Average Content Size,Requests/s,Failures/s,50%,66%,75%,80%,90%,95%,98%,99%,99.9%,99.99%,100%
POST,/api/v1/auth/login,10,0,110.0,108.8742199994158,87.18250002129935,131.50669998140074,274.0,0.27277757039123424,0.0,110,120,120,120,130,130,130,130,130,130,130
GET,/api/v1/vehicles/brands,110,0,13,15.720162727467885,6.408499990357086,285.54920002352446,517.0,3.0005532743035768,0.0,13,14,15,16,18,19,22,24,290,290,290
,Aggregated,120,0,13,23.483000833463546,6.408499990357086,285.54920002352446,496.75,3.273330844694811,0.0,13,14,16,17,24,110,120,130,290,290,290
