Type,Name,Request Count,Failure Count,Median Response Time,Average Response Time,Min Response Time,Max Response Time,Average Content Size,Requests/s,Failures/s,50%,66%,75%,80%,90%,95%,98%,99%,99.9%,99.99%,100%
POST,/api/v1/auth/login,1250,0,280.0,288.79594440008515,96.87310000299476,592.0839000027627,274.0,14.446415192807432,0.0,280,360,380,430,470,490,520,550,590,590,590
GET,/api/v1/countries,30695,0,12,57.8820197556697,2.1982000034768134,1302.731700008735,1314.0,354.74617147457934,0.0,12,15,18,23,170,350,730,880,970,1300,1300
,Aggregated,31945,0,12,66.91762488340517,2.1982000034768134,1302.731700008735,1273.305055564251,369.19258666738676,0.0,12,16,21,30,240,380,720,870,970,1300,1300
