Type,Name,Request Count,Failure Count,Median Response Time,Average Response Time,Min Response Time,Max Response Time,Average Content Size,Requests/s,Failures/s,50%,66%,75%,80%,90%,95%,98%,99%,99.9%,99.99%,100%
POST,/api/v1/auth/login,50,0,88,86.35448999964865,72.9503000038676,99.52530000009574,274.0,0.9793802625468864,0.0,88,90,91,92,94,94,100,100,100,100,100
GET,/api/v1/countries,802,0,6,6.5868637156066026,2.852999998140149,14.883999989251606,1314.0,15.709259411252058,0.0,6,7,8,8,9,11,11,12,15,15,15
,Aggregated,852,0,6,11.268062441195925,2.852999998140149,99.52530000009574,1252.9671361502346,16.688639673798946,0.0,6,7,8,8,11,78,90,92,100,100,100
