Type,Name,Request Count,Failure Count,Median Response Time,Average Response Time,Min Response Time,Max Response Time,Average Content Size,Requests/s,Failures/s,50%,66%,75%,80%,90%,95%,98%,99%,99.9%,99.99%,100%
POST,/api/v1/auth/login,50,0,95,95.2913560019806,84.86520001315512,121.21879999176599,274.0,1.4093290728400367,0.0,95,98,100,100,100,100,120,120,120,120,120
GET,/api/v1/vehicles/brands,532,0,10,9.922062781861724,3.5971000033896416,20.111999998334795,517.0,14.99526133501799,0.0,10,11,12,12,13,13,15,17,20,20,20
,Aggregated,582,0,10,17.256194501803208,3.5971000033896416,121.21879999176599,496.12371134020617,16.404590407858027,0.0,10,11,12,12,16,94,100,100,120,120,120
