Type,Name,Request Count,Failure Count,Median Response Time,Average Response Time,Min Response Time,Max Response Time,Average Content Size,Requests/s,Failures/s,50%,66%,75%,80%,90%,95%,98%,99%,99.9%,99.99%,100%
POST,/api/v1/auth/login,400,0,100.0,102.44820525003888,89.06040000147186,125.73709999560378,274.0,6.25183340377129,0.0,100,100,110,110,110,110,120,120,130,130,130
GET,/api/v1/vehicles/brands,6061,0,8,9.990600792105598,2.745000005234033,106.32930000429042,517.0,94.73090565064447,0.0,8,9,10,11,12,14,46,66,92,110,110
,Aggregated,6461,0,9,15.71464378594143,2.745000005234033,125.73709999560378,501.9558891812413,100.98273905441576,0.0,9,10,11,11,15,98,100,110,120,130,130
