Type,Name,Request Count,Failure Count,Median Response Time,Average Response Time,Min Response Time,Max Response Time,Average Content Size,Requests/s,Failures/s,50%,66%,75%,80%,90%,95%,98%,99%,99.9%,99.99%,100%
POST,/api/v1/auth/login,750,0,130.0,153.6674357325925,93.36520000942983,237.0181999867782,274.0,11.457346746867648,0.0,130,190,200,200,210,220,220,220,240,240,240
GET,/api/v1/vehicles/brands,12075,0,8,16.640395088912822,2.664500003447756,206.458799977554,517.0,184.46328262456913,0.0,8,9,10,11,21,94,120,150,180,200,210
,Aggregated,12825,0,8,24.653672319537367,2.664500003447756,237.0181999867782,502.7894736842105,195.92062937143677,0.0,8,10,11,13,96,120,190,200,220,230,240
