Type,Name,Request Count,Failure Count,Median Response Time,Average Response Time,Min Response Time,Max Response Time,Average Content Size,Requests/s,Failures/s,50%,66%,75%,80%,90%,95%,98%,99%,99.9%,99.99%,100%
POST,/api/v1/auth/login,750,0,140.0,144.01504586666124,83.80109998688567,219.9881000124151,274.0,9.35662083731044,0.0,140,180,190,190,200,200,200,210,220,220,220
GET,/api/v1/countries,15692,0,5,12.226244079809685,2.3295999999390915,197.79820000985637,1314.0,195.7654589054339,0.0,5,6,7,8,11,83,110,150,180,190,200
,Aggregated,16442,0,5,18.237775605179998,2.3295999999390915,219.9881000124151,1266.5605157523416,205.12207974274432,0.0,5,6,7,8,64,110,180,190,200,220,220
